group,order_id,body_weight,foot__volume_left,foot_volume_right,arthritis_score,tail_inflammation,tail_nodules,ear_erythema,onset_time,day
Con,1,116.7,1.661,1.691,NA,NA,NA,NA,NA,7/20/2017
Con,2,120.1,1.732,1.733,NA,NA,NA,NA,NA,7/20/2017
Con,3,125.2,1.737,1.721,NA,NA,NA,NA,NA,7/20/2017
Con,4,126,1.657,1.621,NA,NA,NA,NA,NA,7/20/2017
Con,5,126.6,1.695,1.708,NA,NA,NA,NA,NA,7/20/2017
Con,6,130.3,1.671,1.704,NA,NA,NA,NA,NA,7/20/2017
Con,7,138.8,1.695,1.718,NA,NA,NA,NA,NA,7/20/2017
Model,8,119.1,1.711,1.692,NA,NA,NA,NA,NA,7/20/2017
Model,9,120.9,1.593,1.598,NA,NA,NA,NA,NA,7/20/2017
Model,10,125.2,1.662,1.714,NA,NA,NA,NA,NA,7/20/2017
Model,11,126.4,1.797,1.82,NA,NA,NA,NA,NA,7/20/2017
Model,12,127.7,1.69,1.739,NA,NA,NA,NA,NA,7/20/2017
Model,13,130.8,1.623,1.698,NA,NA,NA,NA,NA,7/20/2017
Model,14,134.6,1.774,1.695,NA,NA,NA,NA,NA,7/20/2017
HFD,15,130.7,1.689,1.729,NA,NA,NA,NA,NA,7/20/2017
HFD,16,147.1,1.68,1.618,NA,NA,NA,NA,NA,7/20/2017
HFD,17,138.6,1.642,1.672,NA,NA,NA,NA,NA,7/20/2017
HFD,18,145.2,1.811,1.861,NA,NA,NA,NA,NA,7/20/2017
HFD,19,122.8,1.563,1.579,NA,NA,NA,NA,NA,7/20/2017
HFD,20,146,1.817,1.805,NA,NA,NA,NA,NA,7/20/2017
HFD,21,144.9,1.625,1.692,NA,NA,NA,NA,NA,7/20/2017
MTX,22,131.2,1.755,1.767,NA,NA,NA,NA,NA,7/20/2017
MTX,23,119.9,1.712,1.698,NA,NA,NA,NA,NA,7/20/2017
MTX,24,125.2,1.558,1.598,NA,NA,NA,NA,NA,7/20/2017
MTX,25,126.5,1.794,1.784,NA,NA,NA,NA,NA,7/20/2017
MTX,26,128.2,1.763,1.76,NA,NA,NA,NA,NA,7/20/2017
MTX,27,129.2,1.637,1.704,NA,NA,NA,NA,NA,7/20/2017
MTX,28,138.4,1.686,1.709,NA,NA,NA,NA,NA,7/20/2017
ZQFTN,29,116.9,1.554,1.579,NA,NA,NA,NA,NA,7/20/2017
ZQFTN,30,120.6,1.715,1.768,NA,NA,NA,NA,NA,7/20/2017
ZQFTN,31,124.1,1.727,1.761,NA,NA,NA,NA,NA,7/20/2017
ZQFTN,32,125.8,1.718,1.679,NA,NA,NA,NA,NA,7/20/2017
ZQFTN,33,127.6,1.644,1.687,NA,NA,NA,NA,NA,7/20/2017
ZQFTN,34,130.3,1.757,1.711,NA,NA,NA,NA,NA,7/20/2017
ZQFTN,35,136,1.786,1.828,NA,NA,NA,NA,NA,7/20/2017
GJK,36,118.2,1.734,1.769,NA,NA,NA,NA,NA,7/20/2017
GJK,37,119.2,1.687,1.79,NA,NA,NA,NA,NA,7/20/2017
GJK,38,122.4,1.588,1.638,NA,NA,NA,NA,NA,7/20/2017
GJK,39,125.9,1.614,1.63,NA,NA,NA,NA,NA,7/20/2017
GJK,40,126.7,1.632,1.642,NA,NA,NA,NA,NA,7/20/2017
GJK,41,129.1,1.632,1.626,NA,NA,NA,NA,NA,7/20/2017
GJK,42,116.6,1.667,1.761,NA,NA,NA,NA,NA,7/20/2017
Lcasei,43,118.7,1.697,1.633,NA,NA,NA,NA,NA,7/20/2017
Lcasei,44,121.2,1.584,1.602,NA,NA,NA,NA,NA,7/20/2017
Lcasei,45,123.3,1.586,1.673,NA,NA,NA,NA,NA,7/20/2017
Lcasei,46,125.7,1.655,1.683,NA,NA,NA,NA,NA,7/20/2017
Lcasei,47,127.3,1.76,1.695,NA,NA,NA,NA,NA,7/20/2017
Lcasei,48,130.1,1.736,1.739,NA,NA,NA,NA,NA,7/20/2017
Lcasei,49,134.3,1.709,1.69,NA,NA,NA,NA,NA,7/20/2017
Con,1,158.3,NA,NA,NA,NA,NA,NA,NA,7/23/2017
Con,2,157.8,NA,NA,NA,NA,NA,NA,NA,7/23/2017
Con,3,181.3,NA,NA,NA,NA,NA,NA,NA,7/23/2017
Con,4,170.5,NA,NA,NA,NA,NA,NA,NA,7/23/2017
Con,5,178.6,NA,NA,NA,NA,NA,NA,NA,7/23/2017
Con,6,177.5,NA,NA,NA,NA,NA,NA,NA,7/23/2017
Con,7,187.1,NA,NA,NA,NA,NA,NA,NA,7/23/2017
Model,8,153.5,NA,NA,NA,NA,NA,NA,NA,7/23/2017
Model,9,137.1,NA,NA,NA,NA,NA,NA,NA,7/23/2017
Model,10,168.2,NA,NA,NA,NA,NA,NA,NA,7/23/2017
Model,11,166.7,NA,NA,NA,NA,NA,NA,NA,7/23/2017
Model,12,175.4,NA,NA,NA,NA,NA,NA,NA,7/23/2017
Model,13,185.6,NA,NA,NA,NA,NA,NA,NA,7/23/2017
Model,14,169.8,NA,NA,NA,NA,NA,NA,NA,7/23/2017
HFD,15,159.1,NA,NA,NA,NA,NA,NA,NA,7/23/2017
HFD,16,181.8,NA,NA,NA,NA,NA,NA,NA,7/23/2017
HFD,17,170.9,NA,NA,NA,NA,NA,NA,NA,7/23/2017
HFD,18,174.7,NA,NA,NA,NA,NA,NA,NA,7/23/2017
HFD,19,148.5,NA,NA,NA,NA,NA,NA,NA,7/23/2017
HFD,20,169.7,NA,NA,NA,NA,NA,NA,NA,7/23/2017
HFD,21,178.6,NA,NA,NA,NA,NA,NA,NA,7/23/2017
MTX,22,150.5,NA,NA,NA,NA,NA,NA,NA,7/23/2017
MTX,23,172.1,NA,NA,NA,NA,NA,NA,NA,7/23/2017
MTX,24,149.1,NA,NA,NA,NA,NA,NA,NA,7/23/2017
MTX,25,176.4,NA,NA,NA,NA,NA,NA,NA,7/23/2017
MTX,26,169.7,NA,NA,NA,NA,NA,NA,NA,7/23/2017
MTX,27,165.2,NA,NA,NA,NA,NA,NA,NA,7/23/2017
MTX,28,137.4,NA,NA,NA,NA,NA,NA,NA,7/23/2017
ZQFTN,29,157.3,NA,NA,NA,NA,NA,NA,NA,7/23/2017
ZQFTN,30,169.7,NA,NA,NA,NA,NA,NA,NA,7/23/2017
ZQFTN,31,174,NA,NA,NA,NA,NA,NA,NA,7/23/2017
ZQFTN,32,168.3,NA,NA,NA,NA,NA,NA,NA,7/23/2017
ZQFTN,33,154.6,NA,NA,NA,NA,NA,NA,NA,7/23/2017
ZQFTN,34,160.2,NA,NA,NA,NA,NA,NA,NA,7/23/2017
ZQFTN,35,181.7,NA,NA,NA,NA,NA,NA,NA,7/23/2017
GJK,36,168.5,NA,NA,NA,NA,NA,NA,NA,7/23/2017
GJK,37,165.3,NA,NA,NA,NA,NA,NA,NA,7/23/2017
GJK,38,164.7,NA,NA,NA,NA,NA,NA,NA,7/23/2017
GJK,39,165.3,NA,NA,NA,NA,NA,NA,NA,7/23/2017
GJK,40,159.6,NA,NA,NA,NA,NA,NA,NA,7/23/2017
GJK,41,168.6,NA,NA,NA,NA,NA,NA,NA,7/23/2017
GJK,42,153.4,NA,NA,NA,NA,NA,NA,NA,7/23/2017
Lcasei,43,165.3,NA,NA,NA,NA,NA,NA,NA,7/23/2017
Lcasei,44,168.6,NA,NA,NA,NA,NA,NA,NA,7/23/2017
Lcasei,45,163,NA,NA,NA,NA,NA,NA,NA,7/23/2017
Lcasei,46,151.9,NA,NA,NA,NA,NA,NA,NA,7/23/2017
Lcasei,47,166.4,NA,NA,NA,NA,NA,NA,NA,7/23/2017
Lcasei,48,168.3,NA,NA,NA,NA,NA,NA,NA,7/23/2017
Lcasei,49,167.1,NA,NA,NA,NA,NA,NA,NA,7/23/2017
Con,1,182.5,NA,NA,NA,NA,NA,NA,NA,7/26/2017
Con,2,179.7,NA,NA,NA,NA,NA,NA,NA,7/26/2017
Con,3,209.4,NA,NA,NA,NA,NA,NA,NA,7/26/2017
Con,4,197.8,NA,NA,NA,NA,NA,NA,NA,7/26/2017
Con,5,195.7,NA,NA,NA,NA,NA,NA,NA,7/26/2017
Con,6,201.2,NA,NA,NA,NA,NA,NA,NA,7/26/2017
Con,7,215.2,NA,NA,NA,NA,NA,NA,NA,7/26/2017
Model,8,176.3,NA,NA,NA,NA,NA,NA,NA,7/26/2017
Model,9,156.6,NA,NA,NA,NA,NA,NA,NA,7/26/2017
Model,10,195.2,NA,NA,NA,NA,NA,NA,NA,7/26/2017
Model,11,183.3,NA,NA,NA,NA,NA,NA,NA,7/26/2017
Model,12,198.7,NA,NA,NA,NA,NA,NA,NA,7/26/2017
Model,13,211.1,NA,NA,NA,NA,NA,NA,NA,7/26/2017
Model,14,191,NA,NA,NA,NA,NA,NA,NA,7/26/2017
HFD,15,175.4,NA,NA,NA,NA,NA,NA,NA,7/26/2017
HFD,16,200.7,NA,NA,NA,NA,NA,NA,NA,7/26/2017
HFD,17,184.6,NA,NA,NA,NA,NA,NA,NA,7/26/2017
HFD,18,196.3,NA,NA,NA,NA,NA,NA,NA,7/26/2017
HFD,19,172.8,NA,NA,NA,NA,NA,NA,NA,7/26/2017
HFD,20,188.1,NA,NA,NA,NA,NA,NA,NA,7/26/2017
HFD,21,199.8,NA,NA,NA,NA,NA,NA,NA,7/26/2017
MTX,22,174.3,NA,NA,NA,NA,NA,NA,NA,7/26/2017
MTX,23,194.6,NA,NA,NA,NA,NA,NA,NA,7/26/2017
MTX,24,156.8,NA,NA,NA,NA,NA,NA,NA,7/26/2017
MTX,25,198.1,NA,NA,NA,NA,NA,NA,NA,7/26/2017
MTX,26,186.9,NA,NA,NA,NA,NA,NA,NA,7/26/2017
MTX,27,184.4,NA,NA,NA,NA,NA,NA,NA,7/26/2017
MTX,28,151.5,NA,NA,NA,NA,NA,NA,NA,7/26/2017
ZQFTN,29,178,NA,NA,NA,NA,NA,NA,NA,7/26/2017
ZQFTN,30,193.4,NA,NA,NA,NA,NA,NA,NA,7/26/2017
ZQFTN,31,191.2,NA,NA,NA,NA,NA,NA,NA,7/26/2017
ZQFTN,32,190.4,NA,NA,NA,NA,NA,NA,NA,7/26/2017
ZQFTN,33,170.5,NA,NA,NA,NA,NA,NA,NA,7/26/2017
ZQFTN,34,174,NA,NA,NA,NA,NA,NA,NA,7/26/2017
ZQFTN,35,208.4,NA,NA,NA,NA,NA,NA,NA,7/26/2017
GJK,36,189.4,NA,NA,NA,NA,NA,NA,NA,7/26/2017
GJK,37,185.9,NA,NA,NA,NA,NA,NA,NA,7/26/2017
GJK,38,189,NA,NA,NA,NA,NA,NA,NA,7/26/2017
GJK,39,187.2,NA,NA,NA,NA,NA,NA,NA,7/26/2017
GJK,40,175.7,NA,NA,NA,NA,NA,NA,NA,7/26/2017
GJK,41,190.6,NA,NA,NA,NA,NA,NA,NA,7/26/2017
GJK,42,177.1,NA,NA,NA,NA,NA,NA,NA,7/26/2017
Lcasei,43,189.2,NA,NA,NA,NA,NA,NA,NA,7/26/2017
Lcasei,44,189,NA,NA,NA,NA,NA,NA,NA,7/26/2017
Lcasei,45,184.2,NA,NA,NA,NA,NA,NA,NA,7/26/2017
Lcasei,46,181.1,NA,NA,NA,NA,NA,NA,NA,7/26/2017
Lcasei,47,193.2,NA,NA,NA,NA,NA,NA,NA,7/26/2017
Lcasei,48,201.8,NA,NA,NA,NA,NA,NA,NA,7/26/2017
Lcasei,49,201.4,NA,NA,NA,NA,NA,NA,NA,7/26/2017
Con,1,215.7,2.045,2.087,0,0,0,0,NA,7/29/2017
Con,2,210.3,2.041,2.047,0,0,0,0,NA,7/29/2017
Con,3,237.7,2.133,2.148,0,0,0,0,NA,7/29/2017
Con,4,224.7,2.046,2.098,0,0,0,0,NA,7/29/2017
Con,5,225.7,2.071,2.078,0,0,0,0,NA,7/29/2017
Con,6,229.9,2.076,2.102,0,0,0,0,NA,7/29/2017
Con,7,246.2,2.048,2.086,0,0,0,0,NA,7/29/2017
Model,8,204.2,2.041,2.051,1,1,0,0,9,7/29/2017
Model,9,170.8,1.753,1.779,0,1,0,0,NA,7/29/2017
Model,10,222.3,2.004,2.043,0,0,0,0,NA,7/29/2017
Model,11,202.5,1.927,2.379,2,1,0,0,7,7/29/2017
Model,12,213.4,1.924,1.929,0,1,0,0,NA,7/29/2017
Model,13,243.3,2.114,2.146,0,1,0,0,NA,7/29/2017
Model,14,217.4,2.05,2.071,0,1,0,0,NA,7/29/2017
HFD,15,204.1,1.841,2.062,1,1,0,0,8,7/29/2017
HFD,16,233.3,2.032,2.003,0,1,0,0,NA,7/29/2017
HFD,17,210.4,2.05,1.991,2,1,0,0,7,7/29/2017
HFD,18,221.5,1.934,2.01,1,1,0,0,9,7/29/2017
HFD,19,188.3,1.786,1.785,1,1,1,0,9,7/29/2017
HFD,20,204.2,1.846,1.81,0,1,0,0,NA,7/29/2017
HFD,21,228.5,1.812,1.998,1,1,0,0,9,7/29/2017
MTX,22,196.9,1.991,1.985,0,1,0,0,NA,7/29/2017
MTX,23,228.2,1.881,1.902,0,1,0,0,NA,7/29/2017
MTX,24,179.6,1.789,1.826,0,0,0,0,NA,7/29/2017
MTX,25,226.8,2,1.986,0,1,0,0,NA,7/29/2017
MTX,26,223.6,2.119,2.071,0,1,0,0,NA,7/29/2017
MTX,27,207.3,1.924,1.918,0,1,0,0,NA,7/29/2017
MTX,28,178.3,1.838,1.803,0,0,0,1,NA,7/29/2017
ZQFTN,29,198.1,1.907,1.946,0,1,0,0,NA,7/29/2017
ZQFTN,30,226.2,2.146,2.197,0,1,0,0,NA,7/29/2017
ZQFTN,31,220.3,2.001,2.042,0,1,0,0,NA,7/29/2017
ZQFTN,32,210.7,1.876,1.963,1,1,0,0,9,7/29/2017
ZQFTN,33,186.1,1.932,1.808,1,1,0,0,9,7/29/2017
ZQFTN,34,182.7,1.863,1.968,5,0,0,0,8,7/29/2017
ZQFTN,35,230.3,2.247,2.172,2,1,0,0,9,7/29/2017
GJK,36,219.6,2.074,2.06,0,1,0,0,NA,7/29/2017
GJK,37,211.6,2.094,2.053,0,1,0,0,NA,7/29/2017
GJK,38,208.5,1.875,1.876,0,1,0,0,NA,7/29/2017
GJK,39,204.7,1.934,1.924,1,1,0,0,9,7/29/2017
GJK,40,192.3,2.4,1.893,1,1,0,0,8,7/29/2017
GJK,41,212.2,1.838,1.872,0,1,0,0,NA,7/29/2017
GJK,42,198.6,1.833,1.902,1,1,0,0,8,7/29/2017
Lcasei,43,206.8,2.018,2.065,0,1,0,0,NA,7/29/2017
Lcasei,44,199.2,1.972,1.808,2,1,0,0,7,7/29/2017
Lcasei,45,208.36,1.95,1.93,0,1,0,0,NA,7/29/2017
Lcasei,46,210.2,1.996,2.029,1,1,0,0,9,7/29/2017
Lcasei,47,220.9,2.074,2.065,1,1,0,0,8,7/29/2017
Lcasei,48,224.3,2.069,2.062,0,1,0,0,NA,7/29/2017
Lcasei,49,225.1,1.968,1.997,0,1,0,0,NA,7/29/2017
Con,1,241.8,2.116,2.132,0,0,0,0,NA,8/1/2017
Con,2,236.8,2.14,2.153,0,0,0,0,NA,8/1/2017
Con,3,269.6,2.345,2.346,0,0,0,0,NA,8/1/2017
Con,4,251.1,2.191,2.213,0,0,0,0,NA,8/1/2017
Con,5,252.9,2.123,2.16,0,0,0,0,NA,8/1/2017
Con,6,255.5,2.219,2.237,0,0,0,0,NA,8/1/2017
Con,7,274.6,2.158,2.128,0,0,0,0,NA,8/1/2017
Model,8,184.9,3.397,3.621,12,2,1,2,9,8/1/2017
Model,9,156.6,2.6,2.866,12,2,1,2,10,8/1/2017
Model,10,256.6,4.635,4.352,12,2,1,2,10,8/1/2017
Model,11,197.6,4.824,5.634,12,2,1,2,7,8/1/2017
Model,12,224.4,2.237,2.449,4,1,1,1,10,8/1/2017
Model,13,236.9,2.661,2.67,12,1,0,2,10,8/1/2017
Model,14,211.6,3.662,4.755,13,2,1,2,10,8/1/2017
HFD,15,214.1,2.861,2.245,5,1,0,0,8,8/1/2017
HFD,16,237.9,2.667,2.563,11,2,1,1,10,8/1/2017
HFD,17,203.2,3.3,3.614,12,2,1,2,7,8/1/2017
HFD,18,231.1,3.135,2.663,11,2,1,1,9,8/1/2017
HFD,19,191.3,2.634,2.673,10,1,1,1,9,8/1/2017
HFD,20,213.2,2.375,2.87,8,1,1,0,10,8/1/2017
HFD,21,244.4,2.677,2.526,10,2,1,2,9,8/1/2017
MTX,22,214.3,1.994,2.032,1,1,0,0,11,8/1/2017
MTX,23,246.5,1.995,2.034,0,0,0,0,NA,8/1/2017
MTX,24,190.3,1.76,1.882,3,1,1,0,12,8/1/2017
MTX,25,247.2,2.722,2.172,2,1,0,0,10,8/1/2017
MTX,26,211.9,3.574,4.401,11,1,0,0,10,8/1/2017
MTX,27,229.7,2.07,2.045,2,1,1,0,12,8/1/2017
MTX,28,211.8,1.958,1.932,0,0,0,0,NA,8/1/2017
ZQFTN,29,190.3,4.163,4.601,12,1,1,1,10,8/1/2017
ZQFTN,30,242.3,2.284,2.314,4,1,0,1,10,8/1/2017
ZQFTN,31,214.6,3.476,3.777,6,1,0,1,10,8/1/2017
ZQFTN,32,208.5,2.565,2.685,12,1,1,1,9,8/1/2017
ZQFTN,33,164.3,3.06,2.984,8,2,1,1,9,8/1/2017
ZQFTN,34,193.2,2.627,3,9,1,1,2,8,8/1/2017
ZQFTN,35,227.7,3.578,3.6,12,1,1,2,9,8/1/2017
GJK,36,241.9,2.064,2.095,1,1,0,1,10,8/1/2017
GJK,37,236,2.218,2.248,0,1,0,0,NA,8/1/2017
GJK,38,218.2,2.094,2.112,8,2,1,0,10,8/1/2017
GJK,39,183.3,3.52,3.362,8,1,1,1,10,8/1/2017
GJK,40,176.4,6.135,3.951,13,1,1,2,8,8/1/2017
GJK,41,218.4,2.898,2.819,8,1,1,1,10,8/1/2017
GJK,42,209.3,2.289,2.297,3,2,1,1,8,8/1/2017
Lcasei,43,211.3,2.67,2.385,11,2,1,2,8,8/1/2017
Lcasei,44,200.1,2.107,2.087,1,1,1,0,10,8/1/2017
Lcasei,45,232.6,2.488,2.029,7,1,1,1,11,8/1/2017
Lcasei,46,221.5,1.951,2.002,1,1,1,0,9,8/1/2017
Lcasei,47,230.2,2.676,3.61,8,1,1,1,8,8/1/2017
Lcasei,48,231.6,2.452,3.233,7,1,0,2,10,8/1/2017
Lcasei,49,251.9,2.308,2.184,1,1,1,0,12,8/1/2017
Con,1,268.3,2.216,2.254,0,0,0,0,NA,8/4/2017
Con,2,262.4,2.242,2.199,0,0,0,0,NA,8/4/2017
Con,3,298.3,2.319,2.35,0,0,0,0,NA,8/4/2017
Con,4,281,2.208,2.207,0,0,0,0,NA,8/4/2017
Con,5,286.4,2.209,2.188,0,0,0,0,NA,8/4/2017
Con,6,280.3,2.279,2.312,0,0,0,0,NA,8/4/2017
Con,7,304.1,2.226,2.191,0,0,0,0,NA,8/4/2017
Model,8,180,3.819,4.208,12,2,1,1,9,8/4/2017
Model,9,162.2,3.327,3.945,12,1,1,2,10,8/4/2017
Model,10,259,6.846,6.428,14,3,1,2,10,8/4/2017
Model,11,203.6,6.104,6.569,16,3,1,2,7,8/4/2017
Model,12,231.3,2.236,2.737,8,2,1,0,10,8/4/2017
Model,13,242.6,3.716,3.774,11,1,1,2,10,8/4/2017
Model,14,215.4,3.887,4.898,14,3,1,2,10,8/4/2017
HFD,15,217.2,4.874,3.474,10,1,1,0,8,8/4/2017
HFD,16,235.6,4.812,5.817,14,2,1,1,10,8/4/2017
HFD,17,192,4.615,5.815,15,3,1,2,7,8/4/2017
HFD,18,236.2,5.556,5.213,12,3,1,0,9,8/4/2017
HFD,19,187.3,2.829,3.823,12,1,0,1,9,8/4/2017
HFD,20,218.1,4.655,5.314,11,2,1,2,10,8/4/2017
HFD,21,228.2,6.301,4.293,12,3,1,2,9,8/4/2017
MTX,22,219.1,3.793,3.365,6,2,1,1,11,8/4/2017
MTX,23,267.8,2.13,2.114,2,0,1,0,14,8/4/2017
MTX,24,193.2,2.916,3.23,12,3,1,2,12,8/4/2017
MTX,25,250.1,3.679,3.772,6,2,1,0,10,8/4/2017
MTX,26,226.4,4.651,4.035,13,1,1,2,10,8/4/2017
MTX,27,227.7,2.869,2.697,12,1,1,2,12,8/4/2017
MTX,28,216.9,3.738,3.461,12,0,1,1,14,8/4/2017
ZQFTN,29,197.4,5.067,6.073,14,3,1,2,10,8/4/2017
ZQFTN,30,243.6,3.896,4.924,14,2,1,2,10,8/4/2017
ZQFTN,31,225.1,5.314,5.756,12,1,1,2,10,8/4/2017
ZQFTN,32,210.9,4.536,4.169,12,3,1,2,9,8/4/2017
ZQFTN,33,162.9,4.964,4.744,16,3,1,0,9,8/4/2017
ZQFTN,34,186.1,3.469,4.142,12,3,1,2,8,8/4/2017
ZQFTN,35,223.2,5.248,5.893,16,3,1,2,9,8/4/2017
GJK,36,234.6,2.558,2.39,8,1,1,2,10,8/4/2017
GJK,37,256.6,2.322,2.555,1,1,1,2,14,8/4/2017
GJK,38,225.1,2.769,3.167,7,3,1,1,10,8/4/2017
GJK,39,184.3,4.571,4.731,8,1,1,2,10,8/4/2017
GJK,40,188.2,5.738,6.408,15,3,1,2,8,8/4/2017
GJK,41,206.9,4.056,4.26,12,3,1,1,10,8/4/2017
GJK,42,230.5,2.319,2.284,4,1,1,2,8,8/4/2017
Lcasei,43,216.1,3.208,2.941,10,2,1,2,8,8/4/2017
Lcasei,44,198.6,2.011,2.026,2,2,1,2,10,8/4/2017
Lcasei,45,233.6,2.987,2.574,8,2,1,2,11,8/4/2017
Lcasei,46,233.5,2.745,2.769,4,1,1,2,9,8/4/2017
Lcasei,47,236.6,4.227,6.767,9,1,1,0,8,8/4/2017
Lcasei,48,221.4,3.277,3.078,9,1,1,2,10,8/4/2017
Lcasei,49,277.2,2.253,2.282,2,1,1,2,12,8/4/2017
Con,1,296.3,2.311,2.304,0,0,0,0,NA,8/7/2017
Con,2,291.1,2.281,2.295,0,0,0,0,NA,8/7/2017
Con,3,327.8,2.453,2.411,0,0,0,0,NA,8/7/2017
Con,4,308.2,2.368,2.329,0,0,0,0,NA,8/7/2017
Con,5,317.2,2.261,2.264,0,0,0,0,NA,8/7/2017
Con,6,310.6,2.401,2.394,0,0,0,0,NA,8/7/2017
Con,7,337.2,2.376,2.384,0,0,0,0,NA,8/7/2017
Model,8,194.7,4.519,5.556,12,3,1,2,NA,8/7/2017
Model,9,166.2,4.05,4.569,12,2,1,2,NA,8/7/2017
Model,10,271.5,5.693,5.485,14,3,1,2,NA,8/7/2017
Model,11,199.8,6.217,6.364,16,3,1,2,NA,8/7/2017
Model,12,234.5,3.201,4.178,11,2,1,2,NA,8/7/2017
Model,13,245.2,4.353,4.713,12,1,1,2,NA,8/7/2017
Model,14,212.7,4.569,4.761,15,3,1,2,NA,8/7/2017
HFD,15,223.1,4.645,3.848,12,1,0,0,NA,8/7/2017
HFD,16,234,5.051,6.447,16,1,1,0,NA,8/7/2017
HFD,17,197.3,5.837,4.288,13,3,1,2,NA,8/7/2017
HFD,18,240,4.73,4.367,12,2,1,0,NA,8/7/2017
HFD,19,175.3,2.637,4.155,12,1,0,2,NA,8/7/2017
HFD,20,215.2,4.753,4.69,12,1,1,1,NA,8/7/2017
HFD,21,217.6,6.899,6.612,13,3,1,2,NA,8/7/2017
MTX,22,221.7,3.877,4.98,5,1,1,2,NA,8/7/2017
MTX,23,274.9,2.277,2.091,1,0,1,0,NA,8/7/2017
MTX,24,197.1,4.064,4.49,10,2,1,2,NA,8/7/2017
MTX,25,263.2,3.209,3.196,4,1,1,0,NA,8/7/2017
MTX,26,240.2,3.83,4.067,8,1,0,2,NA,8/7/2017
MTX,27,233.2,2.906,3.136,13,1,1,2,NA,8/7/2017
MTX,28,221.8,3.501,4.126,11,0,1,2,NA,8/7/2017
ZQFTN,29,199.2,5.834,5.514,13,3,1,1,NA,8/7/2017
ZQFTN,30,236.1,3.471,4.008,11,1,1,2,NA,8/7/2017
ZQFTN,31,229.8,5.28,5.116,9,1,1,0,NA,8/7/2017
ZQFTN,32,216.2,4.204,4.429,8,2,1,1,NA,8/7/2017
ZQFTN,33,153.1,4.244,3.726,14,3,1,0,NA,8/7/2017
ZQFTN,34,188.3,3.852,4.364,11,1,1,2,NA,8/7/2017
ZQFTN,35,238.4,4.51,5.288,16,2,1,2,NA,8/7/2017
GJK,36,235.7,2.715,3.304,7,1,1,2,NA,8/7/2017
GJK,37,262.8,2.188,2.271,1,1,1,2,NA,8/7/2017
GJK,38,230.7,2.834,4.364,7,3,1,0,NA,8/7/2017
GJK,39,185.9,4.892,4.827,7,1,1,0,NA,8/7/2017
GJK,40,185,5.005,4.474,14,3,1,2,NA,8/7/2017
GJK,41,210.8,3.585,3.609,9,3,1,2,NA,8/7/2017
GJK,42,244,2.579,2.117,3,1,1,2,NA,8/7/2017
Lcasei,43,216.3,3.729,3.414,9,1,1,2,NA,8/7/2017
Lcasei,44,194.1,2.14,2.142,2,1,1,2,NA,8/7/2017
Lcasei,45,239.8,2.995,3.506,9,3,1,2,NA,8/7/2017
Lcasei,46,248,2.137,2.405,1,1,1,2,NA,8/7/2017
Lcasei,47,249.2,4.714,5.457,4,1,0,2,NA,8/7/2017
Lcasei,48,216.7,3.616,3.279,9,1,1,2,NA,8/7/2017
Lcasei,49,307.3,2.15,2.191,0,1,0,2,NA,8/7/2017
Con,1,284.3,2.224,2.248,0,0,0,0,NA,8/10/2017
Con,2,280.7,2.192,2.138,0,0,0,0,NA,8/10/2017
Con,3,313.4,2.442,2.474,0,0,0,0,NA,8/10/2017
Con,4,304.1,2.348,2.34,0,0,0,0,NA,8/10/2017
Con,5,332.7,2.274,2.276,0,0,0,0,NA,8/10/2017
Con,6,327.2,2.653,2.525,0,0,0,0,NA,8/10/2017
Con,7,354.5,2.414,2.419,0,0,0,0,NA,8/10/2017
Model,8,192.3,4.826,5.586,12,3,1,0,NA,8/10/2017
Model,9,172.1,5.509,5.569,13,2,1,2,NA,8/10/2017
Model,10,271.9,5.369,5.505,14,3,1,2,NA,8/10/2017
Model,11,200.7,7.131,6.861,14,3,1,2,NA,8/10/2017
Model,12,237.1,4.196,4.821,11,1,1,0,NA,8/10/2017
Model,13,232.4,5.595,5.036,12,14,1,2,NA,8/10/2017
Model,14,220.8,5.256,5.313,16,3,1,2,NA,8/10/2017
HFD,15,234.3,5.519,6.429,13,1,1,0,NA,8/10/2017
HFD,16,231.1,6.699,7.476,16,1,0,1,NA,8/10/2017
HFD,17,205.4,4.511,4.508,13,3,1,2,NA,8/10/2017
HFD,18,244.4,5.15,5.106,12,3,1,0,NA,8/10/2017
HFD,19,185.3,2.688,3.416,12,2,0,1,NA,8/10/2017
HFD,20,221.8,4.796,5.549,10,2,1,2,NA,8/10/2017
HFD,21,223.7,6.959,6.94,16,3,1,2,NA,8/10/2017
MTX,22,230.7,3.5252,3.961,4,0,1,0,NA,8/10/2017
MTX,23,279.8,2.374,2.03,1,0,1,0,NA,8/10/2017
MTX,24,203.9,3.872,5.03,12,3,1,2,NA,8/10/2017
MTX,25,273.1,3.147,3.286,4,2,1,1,NA,8/10/2017
MTX,26,251.7,3.951,4.444,13,2,0,2,NA,8/10/2017
MTX,27,238.3,3.524,3.583,13,2,1,2,NA,8/10/2017
MTX,28,227.1,3.868,4.129,11,0,1,1,NA,8/10/2017
ZQFTN,29,205.3,5.595,6.203,13,3,1,2,NA,8/10/2017
ZQFTN,30,279.4,3.407,4.338,8,3,1,2,NA,8/10/2017
ZQFTN,31,234.1,5.681,6.13,8,2,1,1,NA,8/10/2017
ZQFTN,32,225.3,4.032,4.606,8,3,1,1,NA,8/10/2017
ZQFTN,33,152.4,4.357,4.094,14,3,1,1,NA,8/10/2017
ZQFTN,34,188.6,4.226,4.89,12,3,1,2,NA,8/10/2017
ZQFTN,35,246.3,4.687,5.126,16,3,1,2,NA,8/10/2017
GJK,36,226.4,3.865,4.738,8,1,1,1,NA,8/10/2017
GJK,37,267.3,2.519,2.438,1,1,1,2,NA,8/10/2017
GJK,38,235.6,3.316,4.777,6,3,1,0,NA,8/10/2017
GJK,39,183.3,4.408,5.427,7,3,1,0,NA,8/10/2017
GJK,40,189.9,4.478,4.494,11,3,1,2,NA,8/10/2017
GJK,41,219.2,3.388,3.455,6,3,1,0,NA,8/10/2017
GJK,42,257.3,2.584,2.272,1,1,1,0,NA,8/10/2017
Lcasei,43,225.7,3.934,3.961,9,1,1,2,NA,8/10/2017
Lcasei,44,199.8,2.399,2.279,2,1,1,0,NA,8/10/2017
Lcasei,45,250.9,2.969,3.342,8,3,1,2,NA,8/10/2017
Lcasei,46,255.5,2.652,3.056,1,1,1,2,NA,8/10/2017
Lcasei,47,265.6,4.399,5.919,4,1,0,2,NA,8/10/2017
Lcasei,48,218.1,4.88,5.141,9,1,1,2,NA,8/10/2017
Lcasei,49,320,2.225,2.438,1,1,0,2,NA,8/10/2017
Con,1,325.1,2.25,2.273,0,0,0,0,NA,8/13/2017
Con,2,326.7,2.217,2.295,0,0,0,0,NA,8/13/2017
Con,3,352.2,2.479,2.5,0,0,0,0,NA,8/13/2017
Con,4,343.7,2.379,2.372,0,0,0,0,NA,8/13/2017
Con,5,359.9,2.3132,2.324,0,0,0,0,NA,8/13/2017
Con,6,355.8,2.586,2.565,0,0,0,0,NA,8/13/2017
Con,7,384.8,2.508,2.5,0,0,0,0,NA,8/13/2017
Model,8,202.4,4.982,5.953,12,3,1,0,NA,8/13/2017
Model,9,186.7,6.095,7.291,13,1,1,2,NA,8/13/2017
Model,10,296.4,5.32,4.867,14,3,1,2,NA,8/13/2017
Model,11,205.6,7.65,7.032,14,3,1,2,NA,8/13/2017
Model,12,242.4,4.311,4.397,11,1,1,2,NA,8/13/2017
Model,13,250,5.284,6.73,10,1,1,2,NA,8/13/2017
Model,14,225.8,5.598,6.631,16,3,1,2,NA,8/13/2017
HFD,15,228.8,6.928,6.179,12,1,0,0,NA,8/13/2017
HFD,16,236.2,6.728,8.67,16,1,0,0,NA,8/13/2017
HFD,17,203.8,4.996,5.172,13,3,1,2,NA,8/13/2017
HFD,18,258.5,5.521,5.911,12,2,1,0,NA,8/13/2017
HFD,19,196.7,2.682,3.984,9,1,0,0,NA,8/13/2017
HFD,20,226.1,7.163,7.615,10,2,1,0,NA,8/13/2017
HFD,21,222.4,5.843,5.23,16,3,1,2,NA,8/13/2017
MTX,22,231.7,0.486,4.281,4,1,0,0,NA,8/13/2017
MTX,23,282,3.306,2.076,3,1,1,0,NA,8/13/2017
MTX,24,214.5,3.459,3.927,8,3,1,2,NA,8/13/2017
MTX,25,281.4,3.053,2.609,4,1,1,0,NA,8/13/2017
MTX,26,248.9,5.611,5.999,10,3,0,2,NA,8/13/2017
MTX,27,235.8,4.075,4.938,12,2,1,2,NA,8/13/2017
MTX,28,221.9,4.008,5.219,12,0,1,1,NA,8/13/2017
ZQFTN,29,213.3,7.29,7.346,13,1,1,2,NA,8/13/2017
ZQFTN,30,294.3,3.963,4.856,5,1,1,2,NA,8/13/2017
ZQFTN,31,241.7,7.273,7.491,8,1,0,0,NA,8/13/2017
ZQFTN,32,249,3.731,4.182,6,3,1,2,NA,8/13/2017
ZQFTN,33,152.6,4.553,4.977,14,2,1,0,NA,8/13/2017
ZQFTN,34,197.7,5.383,5.854,9,0,1,2,NA,8/13/2017
ZQFTN,35,258,5.221,6.193,14,2,1,2,NA,8/13/2017
GJK,36,230.7,4.001,5.619,7,1,0,0,NA,8/13/2017
GJK,37,263.5,4.302,2.609,4,1,1,2,NA,8/13/2017
GJK,38,252.2,2.549,4.168,8,2,1,0,NA,8/13/2017
GJK,39,190.4,6.198,5.983,6,1,1,0,NA,8/13/2017
GJK,40,218.3,5.101,4.332,6,2,1,0,NA,8/13/2017
GJK,41,223.2,3.812,3.72,5,3,1,2,NA,8/13/2017
GJK,42,275.3,2.579,2.323,1,1,1,2,NA,8/13/2017
Lcasei,43,243,3.842,3.939,11,1,1,0,NA,8/13/2017
Lcasei,44,212.8,3.133,3.279,4,1,1,0,NA,8/13/2017
Lcasei,45,261.9,2.697,3.142,6,1,1,1,NA,8/13/2017
Lcasei,46,272,2.85,3.157,2,1,1,2,NA,8/13/2017
Lcasei,47,272.1,4.899,6.524,5,1,0,0,NA,8/13/2017
Lcasei,48,229.3,5.007,5.343,9,1,0,1,NA,8/13/2017
Lcasei,49,332,2.211,2.291,0,1,0,2,NA,8/13/2017
Con,1,356.7,2.409,2.406,0,0,0,0,NA,8/19/2017
Con,2,354.6,2.566,2.506,0,0,0,0,NA,8/19/2017
Con,3,385.1,2.527,2.525,0,0,0,0,NA,8/19/2017
Con,4,378.8,2.498,2.483,0,0,0,0,NA,8/19/2017
Con,5,386.9,2.272,2.297,0,0,0,0,NA,8/19/2017
Con,6,381.8,2.344,2.383,0,0,0,0,NA,8/19/2017
Con,7,416.5,2.353,2.371,0,0,0,0,NA,8/19/2017
Model,8,214.3,6.152,6.416,11,3,0,0,NA,8/19/2017
Model,9,197.9,7.462,9.153,14,2,0,1,NA,8/19/2017
Model,10,321.1,5.062,4.492,11,3,0,0,NA,8/19/2017
Model,11,228.7,9.398,7.899,14,3,1,0,NA,8/19/2017
Model,12,245.5,3.498,4.274,12,2,0,0,NA,8/19/2017
Model,13,265.4,7.093,7.478,11,2,0,0,NA,8/19/2017
Model,14,233.2,5.604,8.173,16,3,1,2,NA,8/19/2017
HFD,15,253.6,7.968,5.299,14,1,0,0,NA,8/19/2017
HFD,16,259.9,9.254,10.021,14,2,0,2,NA,8/19/2017
HFD,17,225.2,5.613,5.451,14,3,1,0,NA,8/19/2017
HFD,18,271.2,6.096,6.808,13,2,1,0,NA,8/19/2017
HFD,19,206.3,2.363,5.042,10,1,0,0,NA,8/19/2017
HFD,20,248.9,8.166,9.921,13,3,1,0,NA,8/19/2017
HFD,21,240.3,7.054,5.968,14,3,1,2,NA,8/19/2017
MTX,22,243.4,3.672,4.139,6,1,0,0,NA,8/19/2017
MTX,23,305.1,3.101,1.973,2,1,0,0,NA,8/19/2017
MTX,24,240.2,3.048,3.244,10,3,0,1,NA,8/19/2017
MTX,25,281.3,3.586,2.608,4,2,0,0,NA,8/19/2017
MTX,26,272.1,6.185,6.139,11,3,0,0,NA,8/19/2017
MTX,27,248.9,3.581,4.603,8,3,1,1,NA,8/19/2017
MTX,28,253.9,5.393,5.187,8,0,1,0,NA,8/19/2017
ZQFTN,29,230.3,8.21,8.31,14,2,1,0,NA,8/19/2017
ZQFTN,30,286.2,5.495,6.016,6,1,0,2,NA,8/19/2017
ZQFTN,31,254.7,8.904,8.57,8,1,0,0,NA,8/19/2017
ZQFTN,32,268.8,3.697,4.48,10,2,0,1,NA,8/19/2017
ZQFTN,33,156.7,4.449,4.823,14,1,0,0,NA,8/19/2017
ZQFTN,34,204.2,6.952,7.484,14,3,0,0,NA,8/19/2017
ZQFTN,35,271.6,8.602,7.5,14,2,0,0,NA,8/19/2017
GJK,36,226.2,4.397,5.24,12,1,0,0,NA,8/19/2017
GJK,37,257.6,4.66,5.469,10,1,1,2,NA,8/19/2017
GJK,38,266.2,2.314,3.819,6,3,1,0,NA,8/19/2017
GJK,39,201.7,6.829,6.871,8,2,0,0,NA,8/19/2017
GJK,40,221.5,6.93,3.858,7,1,0,0,NA,8/19/2017
GJK,41,245.3,7.826,5.306,8,1,0,0,NA,8/19/2017
GJK,42,295,3.12,2.221,3,1,0,0,NA,8/19/2017
Lcasei,43,258.2,5.879,5.21,9,1,0,0,NA,8/19/2017
Lcasei,44,220.1,5.717,4.435,8,1,1,2,NA,8/19/2017
Lcasei,45,280.6,3.107,3.74,6,3,1,1,NA,8/19/2017
Lcasei,46,287.2,2.941,3.907,4,1,0,0,NA,8/19/2017
Lcasei,47,284.2,3.949,9.785,9,1,0,0,NA,8/19/2017
Lcasei,48,240.2,7.049,7.615,14,1,0,0,NA,8/19/2017
Lcasei,49,356.7,2.235,2.127,1,1,0,0,NA,8/19/2017
